Condition,OriginalReadCode,CleansedReadCode,Term
Addison's disease,C1541,C154100,Addison's disease
Addison's disease,C1546,C154600,Addisonian crisis
Addison's disease,C154z,C154z00,Corticoadrenal insufficiency NOS
Addison's disease,A176,A176.00,Tuberculosis of adrenal glands - Addison's disease
Addison's disease,C154,C154.00,Corticoadrenal insufficiency
