Condition,MedCodeId,Term
Addison's disease,485624014.0,Addison's disease
Addison's disease,41677012.0,Addisonian crisis
Addison's disease,398809019.0,Corticoadrenal insufficiency NOS
Addison's disease,286325014.0,Tuberculosis of adrenal glands - Addison's disease
Addison's disease,1491626013.0,Corticoadrenal insufficiency
